"[0, [""womensmarch"", ""look"", ""get""], 3]"
"[1, [""womensmarch"", ""today"", ""women""], 88]"
"[2, [""womensmarch"", ""today"", ""women""], 61]"
"[3, [""womensmarch"", ""today"", ""women""], 31]"
"[4, [""womensmarch"", ""today"", ""women""], 21]"
"[5, [""womensmarch"", ""today"", ""women""], 36]"
"[7, [""womensmarch"", ""march"", ""trump""], 11]"
"[8, [""womensmarch"", ""today"", ""women""], 32]"
"[9, [""womensmarch"", ""today"", ""women""], 14]"
"[10, [""womensmarch"", ""today"", ""women""], 308]"
"[12, [""womensmarch"", ""today"", ""trump""], 6]"
"[13, [""womensmarch"", ""today"", ""women""], 33]"
"[14, [""womensmarch"", ""washington"", ""hope""], 9]"
"[15, [""womensmarch"", ""today"", ""women""], 20]"
"[16, [""womensmarch"", ""today"", ""women""], 8]"
"[17, [""womensmarch"", ""today"", ""women""], 1085]"
"[18, [""womensmarch"", ""today"", ""women""], 234]"
"[19, [""womensmarch"", ""today"", ""women""], 49]"
"[20, [""womensmarch"", ""today"", ""march""], 5]"
"[22, [""womensmarch"", ""today"", ""women""], 11]"
"[23, [""womensmarch"", ""women"", ""march""], 17]"
"[24, [""womensmarch"", ""today"", ""women""], 729]"
"[25, [""womensmarch"", ""today"", ""women""], 77]"
"[26, [""womensmarch"", ""youwillneverbeourpresid""], 4]"
"[27, [""womensmarch"", ""today"", ""women""], 161]"
"[28, [""womensmarch"", ""today"", ""women""], 8]"
"[30, [""womensmarch"", ""today"", ""women""], 8]"
"[31, [""womensmarch"", ""women"", ""march""], 15]"
"[32, [""womensmarch"", ""today"", ""women""], 13]"
"[33, [""womensmarch"", ""today"", ""women""], 354]"
"[34, [""womensmarch"", ""today"", ""women""], 514]"
"[35, [""womensmarch"", ""women"", ""hear""], 4]"
"[36, [""womensmarch"", ""today"", ""women""], 368]"
"[38, [""womensmarch"", ""today"", ""women""], 158]"
"[39, [""womensmarch"", ""today"", ""women""], 544]"
"[40, [""womensmarch"", ""today"", ""women""], 31]"
"[41, [""womensmarch"", ""today"", ""women""], 222]"
"[43, [""womensmarch"", ""today"", ""women""], 519]"
"[44, [""womensmarch"", ""today"", ""women""], 26]"
"[45, [""womensmarch"", ""today"", ""women""], 663]"
"[46, [""womensmarch"", ""today"", ""women""], 906]"
"[47, [""womensmarch"", ""today"", ""women""], 367]"
"[48, [""womensmarch"", ""today"", ""women""], 93]"
"[49, [""womensmarch"", ""today"", ""women""], 184]"
"[51, [""womensmarch"", ""today"", ""women""], 6]"
"[52, [""womensmarch"", ""today"", ""women""], 432]"
"[53, [""womensmarch"", ""women"", ""trump""], 5]"
"[54, [""womensmarch"", ""women"", ""march""], 17]"
"[55, [""womensmarch"", ""today"", ""women""], 8]"
"[56, [""womensmarch"", ""today"", ""women""], 6]"
"[57, [""womensmarch"", ""today"", ""women""], 246]"
"[58, [""womensmarch"", ""love"", ""day""], 27]"
"[60, [""womensmarch"", ""day"", ""want""], 20]"
"[61, [""womensmarch"", ""today"", ""women""], 7]"
"[62, [""womensmarch"", ""today"", ""women""], 420]"
"[64, [""womensmarch"", ""today"", ""women""], 55]"
"[65, [""womensmarch"", ""today"", ""peopl""], 11]"
"[66, [""womensmarch"", ""today"", ""women""], 552]"
"[67, [""womensmarch"", ""today"", ""women""], 68]"
"[69, [""womensmarch"", ""today"", ""women""], 96]"
"[70, [""womensmarch"", ""today"", ""women""], 238]"
"[71, [""womensmarch"", ""today"", ""women""], 24]"
"[72, [""womensmarch"", ""women"", ""peopl""], 4]"
"[74, [""womensmarch"", ""women"", ""peopl""], 7]"
"[75, [""womensmarch"", ""today"", ""women""], 7]"
"[76, [""womensmarch"", ""today"", ""women""], 13]"
"[77, [""womensmarch"", ""today"", ""women""], 802]"
"[78, [""day"", ""womensmarchonwashington"", ""wethepeopl""], 2]"
"[81, [""womensmarch"", ""womensmarchonaustin"", ""thisiswhyimarch""], 11]"
"[82, [""womensmarch"", ""today"", ""women""], 30]"
"[83, [""womensmarch"", ""women"", ""march""], 10]"
"[85, [""womensmarch"", ""today"", ""women""], 118]"
"[86, [""womensmarch"", ""today"", ""women""], 47]"
"[87, [""womensmarch"", ""peopl"", ""live""], 2]"
"[88, [""womensmarch"", ""today"", ""women""], 29]"
"[89, [""womensmarch"", ""today"", ""women""], 14]"
"[90, [""womensmarch"", ""today"", ""women""], 38]"
"[91, [""womensmarch"", ""today"", ""women""], 16]"
"[92, [""womensmarch"", ""today"", ""march""], 6]"
"[94, [""womensmarch"", ""today"", ""women""], 415]"
"[95, [""womensmarch"", ""today"", ""women""], 26]"
"[96, [""womensmarch"", ""today"", ""women""], 26]"
"[97, [""womensmarch"", ""today"", ""march""], 3]"
"[98, [""womensmarch"", ""today"", ""march""], 28]"
"[100, [""womensmarch"", ""peopl"", ""trump""], 3]"
"[101, [""womensmarch"", ""today"", ""women""], 160]"
"[102, [""womensmarch"", ""today"", ""march""], 7]"
"[106, [""womensmarch"", ""today"", ""women""], 37]"
"[107, [""womensmarch"", ""women"", ""march""], 3]"
"[108, [""womensmarch"", ""today"", ""women""], 5]"
"[109, [""womensmarch"", ""today"", ""women""], 133]"
"[110, [""womensmarch"", ""today"", ""women""], 22]"
"[111, [""womensmarch"", ""today"", ""women""], 16]"
"[112, [""womensmarch"", ""today"", ""march""], 5]"
"[113, [""womensmarch"", ""today"", ""women""], 24]"
"[114, [""womensmarch"", ""today"", ""peopl""], 9]"
"[115, [""womensmarch"", ""today"", ""women""], 9]"
"[116, [""womensmarch"", ""pictur"", ""ladi""], 4]"
"[117, [""womensmarch"", ""today"", ""women""], 11]"
"[118, [""womensmarch"", ""women"", ""march""], 4]"
"[119, [""womensmarch"", ""today"", ""women""], 12]"
"[120, [""womensmarch"", ""today"", ""women""], 5]"
"[121, [""womensmarch"", ""today"", ""women""], 214]"
"[123, [""womensmarch"", ""today"", ""day""], 14]"
"[130, [""womensmarch"", ""today"", ""women""], 42]"
"[131, [""womensmarch"", ""women"", ""men""], 4]"
"[132, [""womensmarch"", ""today"", ""women""], 31]"
"[133, [""womensmarch"", ""march"", ""day""], 11]"
"[134, [""womensmarch"", ""today"", ""women""], 296]"
"[138, [""womensmarch"", ""today"", ""women""], 240]"
"[140, [""womensmarch"", ""today"", ""women""], 511]"
"[141, [""womensmarch"", ""today"", ""women""], 41]"
"[142, [""womensmarch"", ""today"", ""women""], 8]"
"[143, [""womensmarch"", ""today"", ""trump""], 13]"
"[144, [""womensmarch"", ""today"", ""women""], 318]"
"[145, [""womensmarch"", ""womensmarchonwashington"", ""support""], 3]"
"[146, [""womensmarch"", ""women"", ""march""], 21]"
"[147, [""womensmarch"", ""today"", ""march""], 7]"
"[149, [""womensmarch"", ""tweet"", ""anyon""], 2]"
"[150, [""womensmarch"", ""today"", ""women""], 75]"
"[151, [""womensmarch"", ""today"", ""women""], 30]"
"[154, [""womensmarch"", ""today"", ""women""], 26]"
"[155, [""womensmarch"", ""today"", ""women""], 67]"
"[156, [""womensmarch"", ""women"", ""march""], 6]"
"[158, [""womensmarch"", ""today"", ""women""], 22]"
"[160, [""womensmarch"", ""today"", ""march""], 6]"
"[161, [""womensmarch"", ""today"", ""women""], 213]"
"[162, [""womensmarch"", ""day"", ""sign""], 2]"
"[165, [""womensmarch"", ""today"", ""women""], 38]"
"[166, [""womensmarch"", ""today"", ""march""], 10]"
"[169, [""womensmarch"", ""today"", ""women""], 122]"
"[170, [""womensmarch"", ""today"", ""women""], 4]"
"[171, [""womensmarch"", ""today"", ""women""], 139]"
"[172, [""womensmarch"", ""today"", ""protest""], 2]"
"[177, [""womensmarch"", ""march"", ""trump""], 2]"
"[180, [""womensmarch"", ""women"", ""love""], 21]"
"[182, [""womensmarch"", ""today"", ""women""], 23]"
"[183, [""womensmarch"", ""women"", ""make""], 4]"
"[186, [""womensmarch"", ""today"", ""march""], 12]"
"[187, [""womensmarch"", ""today"", ""everyon""], 6]"
"[189, [""womensmarch"", ""women"", ""equal""], 8]"
"[190, [""womensmarch"", ""today"", ""women""], 7]"
"[191, [""womensmarch"", ""women"", ""peopl""], 3]"
"[193, [""notmypresid"", ""teach""], 2]"
"[195, [""womensmarch"", ""women"", ""day""], 4]"
"[196, [""womensmarch"", ""women"", ""right""], 4]"
"[198, [""womensmarch"", ""today"", ""women""], 20]"
"[199, [""womensmarch"", ""inaugur"", ""Do""], 2]"
"[201, [""womensmarch"", ""today"", ""women""], 12]"
"[202, [""womensmarch"", ""today"", ""peopl""], 2]"
"[203, [""womensmarch"", ""today"", ""women""], 15]"
"[205, [""womensmarch"", ""today"", ""women""], 184]"
"[206, [""womensmarch"", ""day"", ""take""], 2]"
"[207, [""womensmarch"", ""today"", ""women""], 27]"
"[208, [""womensmarch"", ""today"", ""women""], 26]"
"[209, [""womensmarch"", ""love"", ""amp""], 3]"
"[211, [""womensmarch"", ""march"", ""right""], 3]"
"[214, [""womensmarch"", ""want"", ""use""], 5]"
"[218, [""womensmarch"", ""today"", ""women""], 113]"
"[220, [""womensmarch"", ""women"", ""peopl""], 14]"
"[221, [""womensmarch"", ""today"", ""women""], 24]"
"[227, [""womensmarch"", ""today"", ""women""], 59]"
"[230, [""womensmarch"", ""today"", ""women""], 18]"
"[233, [""womensmarch"", ""women"", ""world""], 4]"
"[236, [""womensmarch"", ""women"", ""march""], 3]"
"[237, [""womensmarch"", ""today"", ""march""], 43]"
"[238, [""womensmarch"", ""today"", ""women""], 14]"
"[240, [""womensmarch"", ""today"", ""march""], 15]"
"[241, [""womensmarch"", ""today"", ""women""], 11]"
"[245, [""womensmarch"", ""today"", ""women""], 76]"
"[246, [""womensmarch"", ""whyimarch"", ""womensmarchlosangel""], 3]"
"[247, [""womensmarch"", ""histori"", ""obama""], 2]"
"[248, [""womensmarch"", ""today"", ""women""], 13]"
"[251, [""womensmarch"", ""love"", ""resist""], 2]"
"[254, [""womensmarch"", ""today"", ""march""], 5]"
"[256, [""womensmarch"", ""womensmarchaustin""], 2]"
"[257, [""womensmarch"", ""today"", ""women""], 7]"
"[259, [""womensmarch"", ""today"", ""part""], 3]"
"[261, [""womensmarch"", ""today"", ""love""], 9]"
"[263, [""womensmarch"", ""today"", ""women""], 14]"
"[265, [""womensmarch"", ""today"", ""women""], 48]"
"[267, [""womensmarch"", ""go"", ""everyon""], 2]"
"[269, [""womensmarch"", ""crowd"", ""watch""], 6]"
"[270, [""womensmarch"", ""today"", ""women""], 14]"
"[273, [""womensmarch"", ""march"", ""womensmarchonwashington""], 6]"
"[278, [""womensmarch"", ""equal"", ""believ""], 71]"
"[280, [""womensmarch"", ""today"", ""women""], 63]"
"[282, [""womensmarch"", ""today"", ""women""], 53]"
"[283, [""womensmarch"", ""angel"", ""lo""], 2]"
"[287, [""womensmarch"", ""today"", ""women""], 41]"
"[290, [""womensmarch"", ""today"", ""women""], 56]"
"[291, [""womensmarch"", ""women"", ""peopl""], 5]"
"[293, [""womensmarch"", ""today"", ""women""], 11]"
"[295, [""womensmarch"", ""march"", ""love""], 4]"
"[300, [""womensmarch"", ""today"", ""women""], 6]"
"[305, [""womensmarch"", ""today"", ""women""], 17]"
"[306, [""womensmarch"", ""peopl"", ""trump""], 9]"
"[308, [""womensmarch"", ""today"", ""women""], 11]"
"[310, [""womensmarch"", ""today"", ""women""], 20]"
"[311, [""womensmarch"", ""today"", ""sign""], 5]"
"[316, [""womensmarch"", ""day"", ""woman""], 4]"
"[317, [""womensmarch"", ""today"", ""march""], 7]"
"[325, [""womensmarch"", ""today"", ""let""], 2]"
"[328, [""womensmarch"", ""today"", ""women""], 5]"
"[329, [""womensmarch"", ""today"", ""women""], 16]"
"[334, [""womensmarch"", ""phillywomenmarch""], 2]"
"[340, [""womensmarch"", ""today"", ""march""], 3]"
"[341, [""womensmarch"", ""women"", ""march""], 2]"
"[344, [""womensmarch"", ""women"", ""march""], 3]"
"[347, [""womensmarch"", ""trump"", ""love""], 3]"
"[354, [""womensmarch"", ""today"", ""march""], 7]"
"[356, [""womensmarch"", ""today"", ""world""], 4]"
"[360, [""womensmarch"", ""today"", ""march""], 50]"
"[361, [""womensmarch"", ""DC"", ""way""], 2]"
"[362, [""womensmarch"", ""today"", ""peopl""], 13]"
"[365, [""womensmarch"", ""woman"", ""wordtotupac""], 2]"
"[366, [""womensmarch"", ""today"", ""march""], 5]"
"[369, [""womensmarch"", ""today"", ""women""], 59]"
"[370, [""womensmarch"", ""today"", ""women""], 10]"
"[372, [""womensmarch"", ""peopl"", ""day""], 5]"
"[373, [""womensmarch"", ""today"", ""women""], 52]"
"[374, [""womensmarch"", ""women"", ""march""], 4]"
"[376, [""womensmarch"", ""today"", ""march""], 5]"
"[379, [""womensmarch"", ""today"", ""women""], 15]"
"[380, [""womensmarch"", ""attend"", ""event""], 2]"
"[381, [""womensmarch"", ""today"", ""march""], 6]"
"[382, [""womensmarch"", ""amp"", ""media""], 2]"
"[385, [""womensmarch"", ""today"", ""women""], 139]"
"[387, [""womensmarch"", ""today"", ""women""], 7]"
"[394, [""womensmarch"", ""women"", ""support""], 4]"
"[395, [""women"", ""work"", ""rule""], 3]"
"[396, [""womensmarch"", ""today"", ""women""], 11]"
"[397, [""womensmarch"", ""today"", ""women""], 18]"
"[398, [""womensmarch"", ""march"", ""amp""], 3]"
"[399, [""womensmarch"", ""womensmarchonwashington"", ""proud""], 5]"
"[402, [""womensmarch"", ""today"", ""trump""], 13]"
"[405, [""womensmarch"", ""amp"", ""support""], 6]"
"[409, [""womensmarch"", ""today"", ""women""], 5]"
"[410, [""womensmarch"", ""march"", ""love""], 2]"
"[412, [""womensmarch"", ""today"", ""women""], 15]"
"[414, [""womensmarch"", ""women"", ""love""], 4]"
"[416, [""womensmarch"", ""today"", ""women""], 13]"
"[424, [""womensmarch"", ""today"", ""women""], 5]"
"[426, [""womensmarch"", ""peopl"", ""see""], 3]"
"[427, [""womensmarch"", ""today"", ""women""], 3]"
"[428, [""womensmarch"", ""women"", ""know""], 3]"
"[429, [""womensmarch"", ""today"", ""world""], 5]"
"[430, [""womensmarch"", ""peopl"", ""day""], 2]"
"[431, [""womensmarch"", ""hope"", ""use""], 2]"
"[432, [""womensmarch"", ""made"", ""come""], 3]"
"[434, [""womensmarch"", ""today"", ""women""], 8]"
"[435, [""womensmarch"", ""today"", ""support""], 4]"
"[458, [""womensmarch"", ""today"", ""women""], 13]"
"[459, [""womensmarch"", ""love"", ""attend""], 2]"
"[463, [""womensmarch"", ""peopl"", ""womensmarchonwashington""], 5]"
"[464, [""womensmarch"", ""peopl"", ""inaugur""], 2]"
"[469, [""womensmarch"", ""thing"", ""need""], 2]"
"[471, [""womensmarch"", ""today"", ""trump""], 3]"
"[481, [""womensmarch"", ""march"", ""equal""], 3]"
"[483, [""womensmarch"", ""trump"", ""love""], 4]"
"[490, [""womensmarch"", ""today"", ""women""], 5]"
"[492, [""womensmarch"", ""today"", ""march""], 7]"
"[494, [""womensmarch"", ""women"", ""march""], 2]"
"[495, [""womensmarch"", ""today"", ""women""], 9]"
"[498, [""womensmarch"", ""today"", ""women""], 11]"
"[499, [""womensmarch"", ""today"", ""women""], 27]"
"[520, [""womensmarch"", ""women"", ""march""], 10]"
"[529, [""womensmarch"", ""women"", ""peopl""], 5]"
"[530, [""womensmarch"", ""women"", ""march""], 6]"
"[533, [""womensmarch"", ""today"", ""women""], 4]"
"[536, [""womensmarch"", ""day"", ""get""], 3]"
"[540, [""womensmarch"", ""today"", ""march""], 6]"
"[542, [""womensmarch"", ""today"", ""women""], 8]"
"[560, [""womensmarch"", ""march"", ""peopl""], 2]"
"[572, [""womensmarch"", ""feel"", ""guy""], 2]"
"[574, [""womensmarch"", ""women"", ""march""], 29]"
"[575, [""womensmarch"", ""today"", ""women""], 24]"
"[577, [""womensmarch"", ""today"", ""women""], 24]"
"[580, [""womensmarch"", ""today"", ""trump""], 9]"
"[586, [""womensmarch"", ""peopl"", ""hope""], 2]"
"[589, [""womensmarch"", ""today"", ""march""], 4]"
"[592, [""womensmarch"", ""voic"", ""use""], 4]"
"[595, [""womensmarch"", ""today"", ""march""], 4]"
"[596, [""womensmarch"", ""womensrightsarehumanright"", ""fiftyshadesdark""], 2]"
"[597, [""womensmarch"", ""solidar"", ""friend""], 3]"
"[598, [""womensmarch"", ""today"", ""women""], 6]"
"[599, [""womensmarch"", ""women"", ""proud""], 3]"
"[603, [""womensmarch"", ""march"", ""thank""], 3]"
"[608, [""womensmarch"", ""today"", ""women""], 11]"
"[612, [""womensmarch"", ""today"", ""women""], 3]"
"[615, [""womensmarch"", ""today"", ""march""], 3]"
"[619, [""womensmarch"", ""today"", ""day""], 3]"
"[621, [""womensmarch"", ""today"", ""women""], 2]"
"[623, [""womensmarch"", ""today"", ""march""], 3]"
"[627, [""womensmarch"", ""peopl"", ""trump""], 3]"
"[629, [""womensmarch"", ""today"", ""women""], 3]"
"[631, [""womensmarch"", ""woman"", ""lovetrumpsh""], 2]"
"[639, [""womensmarch"", ""march"", ""everyon""], 2]"
"[644, [""womensmarch"", ""women"", ""march""], 9]"
"[648, [""womensmarch"", ""today"", ""women""], 5]"
"[649, [""womensmarch"", ""today"", ""trump""], 5]"
"[651, [""womensmarch"", ""today"", ""women""], 2]"
"[652, [""womensmarch"", ""today"", ""women""], 10]"
"[654, [""womensmarch"", ""women"", ""march""], 4]"
"[655, [""womensmarch"", ""want""], 5]"
"[667, [""womensmarch"", ""today"", ""make""], 8]"
"[669, [""womensmarch"", ""inaugur"", ""yup""], 2]"
"[673, [""womensmarch"", ""women"", ""march""], 4]"
"[677, [""womensmarch"", ""today"", ""sign""], 3]"
"[681, [""womensmarch"", ""today"", ""march""], 2]"
"[686, [""womensmarch"", ""today"", ""women""], 9]"
"[687, [""womensmarch"", ""today"", ""women""], 2]"
"[692, [""womensmarch"", ""women"", ""march""], 4]"
"[693, [""post"", ""respons"", ""refus""], 2]"
"[698, [""womensmarch"", ""nastywoman""], 7]"
"[700, [""womensmarch"", ""bring"", ""idea""], 3]"
"[704, [""womensmarch"", ""march"", ""protest""], 2]"
"[706, [""womensmarch"", ""today"", ""march""], 3]"
"[708, [""womensmarch"", ""trump"", ""protest""], 6]"
"[715, [""womensmarch"", ""women"", ""march""], 2]"
"[719, [""womensmarch"", ""today"", ""women""], 14]"
"[725, [""womensmarch"", ""today"", ""take""], 4]"
"[752, [""womensmarch"", ""march"", ""part""], 3]"
"[754, [""womensmarch"", ""today"", ""women""], 5]"
"[755, [""womensmarch"", ""women"", ""washington""], 3]"
"[760, [""womensmarch"", ""today"", ""women""], 4]"
"[761, [""womensmarch"", ""today"", ""see""], 8]"
"[765, [""womensmarch"", ""today"", ""march""], 35]"
"[767, [""womensmarch"", ""resist"", ""park""], 4]"
"[768, [""womensmarch"", ""women"", ""march""], 2]"
"[773, [""womensmarch"", ""today"", ""women""], 9]"
"[776, [""womensmarch"", ""agre""], 2]"
"[785, [""womensmarch"", ""go"", ""boswomensmarch""], 2]"
"[787, [""womensmarch"", ""womensright"", ""peac""], 2]"
"[788, [""womensmarch"", ""washington"", ""theresist""], 2]"
"[794, [""womensmarch"", ""rise""], 2]"
"[801, [""womensmarch"", ""antarctica""], 2]"
"[806, [""womensmarch"", ""women"", ""march""], 3]"
"[811, [""today"", ""march"", ""boston""], 2]"
"[815, [""womensmarch"", ""march"", ""sign""], 17]"
"[817, [""womensmarch"", ""inaugur"", ""crowd""], 2]"
"[819, [""womensmarch"", ""today"", ""peopl""], 9]"
"[827, [""womensmarch"", ""today"", ""made""], 2]"
"[832, [""womensmarch"", ""make"", ""womensmarchonwashington""], 2]"
"[843, [""womensmarch"", ""make"", ""inaugur""], 3]"
"[847, [""womensmarch"", ""today"", ""women""], 3]"
"[850, [""womensmarch"", ""today"", ""love""], 5]"
"[851, [""womensmarch"", ""today"", ""women""], 11]"
"[858, [""womensmarch"", ""love"", ""right""], 3]"
"[859, [""womensmarch"", ""today"", ""women""], 2]"
"[862, [""womensmarch"", ""women"", ""march""], 12]"
"[863, [""women"", ""march"", ""womensmarchonwashington""], 2]"
"[865, [""womensmarch"", ""trump"", ""love""], 5]"
"[868, [""tweet"", ""media"", ""daili""], 5]"
"[881, [""womensmarch"", ""today"", ""women""], 11]"
"[884, [""womensmarch"", ""woman"", ""need""], 2]"
"[895, [""womensmarch"", ""today"", ""women""], 9]"
"[898, [""womensmarch"", ""day"", ""hope""], 3]"
"[902, [""womensmarch"", ""cool""], 2]"
"[905, [""womensmarch"", ""women"", ""march""], 2]"
"[909, [""love"", ""make"", ""equal""], 2]"
"[923, [""womensmarch"", ""today"", ""march""], 7]"
"[926, [""womensmarch"", ""trump"", ""inaugur""], 2]"
"[927, [""womensmarch"", ""trump"", ""right""], 3]"
"[934, [""womensmarch"", ""trump"", ""womensmarchonwashington""], 3]"
"[935, [""womensmarch"", ""today"", ""women""], 2]"
"[948, [""womensmarch"", ""girl"", ""power""], 8]"
"[949, [""womensmarch"", ""love"", ""go""], 2]"
"[957, [""womensmarch"", ""trump"", ""proud""], 5]"
"[960, [""womensmarch"", ""women"", ""get""], 2]"
"[970, [""womensmarch"", ""today"", ""march""], 11]"
"[972, [""womensmarch"", ""trump"", ""day""], 2]"
"[975, [""womensmarch"", ""made"", ""land""], 3]"
"[980, [""womensmarch"", ""women"", ""womensmarchonwashington""], 2]"
"[989, [""womensmarch"", ""today"", ""make""], 2]"
"[999, [""womensmarch"", ""women"", ""march""], 3]"
"[1000, [""womensmarch"", ""world"", ""estim""], 5]"
"[1003, [""womensmarch"", ""thing"", ""wonder""], 2]"
"[1006, [""womensmarch"", ""women"", ""march""], 3]"
"[1009, [""womensmarch"", ""today"", ""thank""], 2]"
"[1016, [""womensmarch"", ""resist"", ""way""], 6]"
"[1024, [""womensmarch"", ""march"", ""protest""], 2]"
"[1028, [""womensmarch"", ""march"", ""peopl""], 4]"
"[1036, [""womensmarch"", ""nyc"", ""live""], 2]"
"[1038, [""womensmarch"", ""women"", ""right""], 3]"
"[1041, [""womensmarch"", ""today"", ""trump""], 2]"
"[1046, [""today"", ""photo"", ""ladi""], 2]"
"[1047, [""womensmarch"", ""make"", ""womensmarchonwashington""], 3]"
"[1050, [""womensmarch"", ""women"", ""march""], 4]"
"[1053, [""womensmarch"", ""women"", ""march""], 2]"
"[1065, [""daili"", ""wf"", ""kartik""], 2]"
"[1076, [""womensmarch"", ""peopl"", ""world""], 2]"
"[1084, [""womensmarch"", ""women"", ""love""], 2]"
"[1088, [""women"", ""thing"", ""say""], 2]"
"[1092, [""womensmarch"", ""women"", ""march""], 4]"
"[1098, [""womensmarch"", ""america"", ""life""], 2]"
"[1099, [""womensmarch"", ""thi"", ""womensmarchla""], 2]"
"[1114, [""womensmarch"", ""march"", ""see""], 2]"
"[1125, [""womensmarch"", ""losangel""], 3]"
"[1139, [""womensmarch"", ""love"", ""make""], 3]"
"[1141, [""womensmarch"", ""peopl"", ""thank""], 2]"
"[1146, [""womensmarch"", ""stand"", ""whyimarch""], 2]"
"[1152, [""womensmarch"", ""trump"", ""give""], 2]"
"[1154, [""womensmarch"", ""today"", ""peopl""], 2]"
"[1162, [""womensmarch"", ""women"", ""march""], 2]"
"[1163, [""womensmarch"", ""proud"", ""part""], 3]"
"[1165, [""womensmarch"", ""today"", ""peopl""], 6]"
"[1174, [""womensmarch"", ""day"", ""take""], 2]"
"[1177, [""womensmarch"", ""today"", ""woman""], 6]"
"[1190, [""womensmarch"", ""today"", ""march""], 2]"
"[1209, [""womensmarch"", ""today"", ""march""], 2]"
"[1222, [""womensmarch"", ""look"", ""democraci""], 2]"
"[1224, [""today"", ""sign"", ""womensmarchonwashington""], 2]"
"[1234, [""womensmarch"", ""women"", ""march""], 3]"
"[1239, [""womensmarch"", ""peopl"", ""right""], 2]"
"[1240, [""womensmarch"", ""today"", ""say""], 7]"
"[1243, [""womensmarch"", ""today"", ""women""], 8]"
"[1254, [""womensmarch"", ""today"", ""women""], 2]"
"[1264, [""womensmarch"", ""trump"", ""inaugur""], 2]"
"[1267, [""womensmarch"", ""today"", ""march""], 2]"
"[1273, [""womensmarch"", ""peopl"", ""world""], 2]"
"[1274, [""womensmarch"", ""today"", ""march""], 2]"
"[1280, [""womensmarch"", ""today"", ""amp""], 3]"
"[1282, [""womensmarch"", ""women"", ""march""], 2]"
"[1289, [""womensmarch"", ""march"", ""trump""], 2]"
"[1298, [""womensmarch"", ""today"", ""women""], 2]"
"[1299, [""womensmarch"", ""get"", ""hand""], 3]"
"[1300, [""womensmarch"", ""power"", ""hate""], 3]"
"[1308, [""womensmarch"", ""day"", ""great""], 2]"
"[1312, [""womensmarch"", ""girl"", ""walk""], 5]"
"[1329, [""womensmarch"", ""love"", ""day""], 2]"
"[1330, [""womensmarch"", ""march"", ""day""], 5]"
"[1338, [""womensmarch"", ""today"", ""march""], 7]"
"[1345, [""womensmarch"", ""today"", ""love""], 6]"
"[1352, [""womensmarch"", ""sign"", ""go""], 2]"
"[1354, [""womensmarch"", ""today"", ""women""], 9]"
"[1364, [""womensmarch"", ""today"", ""day""], 3]"
"[1365, [""womensmarch"", ""march"", ""peopl""], 13]"
"[1371, [""womensmarch"", ""womensmarchonwashington"", ""know""], 5]"
"[1373, [""womensmarch"", ""world"", ""thank""], 2]"
"[1381, [""make"", ""stand"", ""take""], 2]"
"[1383, [""womensmarch"", ""today"", ""women""], 4]"
"[1387, [""womensmarch"", ""womensmarchonwashington"", ""supergirl""], 2]"
"[1395, [""womensmarch"", ""women"", ""love""], 5]"
"[1397, [""womensmarch"", ""today"", ""peopl""], 3]"
"[1399, [""womensmarch"", ""today"", ""trump""], 3]"
"[1408, [""womensmarch"", ""today"", ""go""], 2]"
"[1415, [""women"", ""right"", ""fight""], 2]"
"[1431, [""womensmarch"", ""grandma"", ""cute""], 2]"
"[1432, [""women"", ""march"", ""madonna""], 4]"
"[1439, [""womensmarch"", ""today"", ""women""], 7]"
"[1440, [""womensmarch"", ""right"", ""amp""], 2]"
"[1457, [""womensmarch"", ""today"", ""sign""], 3]"
"[1464, [""womensmarch"", ""love"", ""make""], 3]"
"[1479, [""womensmarch"", ""women"", ""march""], 4]"
"[1480, [""womensmarch"", ""women"", ""march""], 3]"
"[1481, [""womensmarch"", ""today"", ""women""], 13]"
"[1482, [""womensmarch"", ""womensmarchonwashington"", ""start""], 2]"
"[1483, [""womensmarch"", ""world"", ""womensmarchonwashington""], 4]"
"[1507, [""womensmarch"", ""women"", ""see""], 3]"
"[1509, [""womensmarch"", ""today"", ""march""], 3]"
"[1523, [""womensmarch"", ""peopl"", ""protest""], 2]"
"[1540, [""womensmarch"", ""want"", ""womensrightsarehumanright""], 2]"
"[1545, [""womensmarch"", ""women"", ""trump""], 2]"
"[1553, [""womensmarch"", ""peopl"", ""begin""], 2]"
"[1590, [""womensmarch"", ""women"", ""feel""], 2]"
"[1592, [""womensmarch"", ""march"", ""woman""], 2]"
"[1595, [""womensmarch"", ""today"", ""women""], 2]"
"[1596, [""womensmarch"", ""women"", ""march""], 2]"
"[1600, [""womensmarch"", ""show"", ""solidar""], 2]"
"[1603, [""womensmarch"", ""today"", ""women""], 2]"
"[1609, [""womensmarch"", ""march"", ""womensmarchonwashington""], 4]"
"[1615, [""womensmarch"", ""pussi"", ""austinwomensmarch""], 2]"
"[1623, [""womensmarch"", ""notmypresid"", ""whateverittak""], 6]"
"[1628, [""womensmarch"", ""march"", ""love""], 2]"
"[1631, [""womensmarch"", ""women"", ""love""], 2]"
"[1638, [""womensmarch"", ""today"", ""see""], 3]"
"[1649, [""womensmarch"", ""today"", ""women""], 3]"
"[1658, [""womensmarch"", ""sign"", ""womensmarchonwashington""], 2]"
"[1659, [""womensmarch"", ""hope"", ""histori""], 2]"
"[1661, [""womensmarch"", ""day"", ""sign""], 3]"
"[1673, [""womensmarch"", ""today"", ""women""], 3]"
"[1679, [""womensmarch"", ""today"", ""day""], 4]"
"[1687, [""womensmarch"", ""countri"", ""repres""], 2]"
"[1711, [""womensmarch"", ""austin"", ""play""], 2]"
"[1712, [""womensmarch"", ""love"", ""day""], 2]"
"[1726, [""womensmarch"", ""thought""], 4]"
"[1743, [""womensmarch"", ""today"", ""trump""], 5]"
"[1750, [""womensmarch"", ""proud"", ""take""], 2]"
"[1757, [""womensmarch"", ""california"", ""sacramento""], 2]"
"[1770, [""womensmarch"", ""equal"", ""thing""], 2]"
"[1771, [""womensmarch"", ""stand"", ""let""], 2]"
"[1773, [""womensmarch"", ""women"", ""love""], 3]"
"[1779, [""womensmarch"", ""amp"", ""got""], 2]"
"[1781, [""womensmarch"", ""crowd"", ""womensmarchnyc""], 2]"
"[1814, [""womensmarch"", ""support"", ""lovetrumpsh""], 3]"
"[1820, [""womensmarch"", ""women"", ""march""], 3]"
"[1845, [""womensmarch"", ""today"", ""march""], 4]"
"[1857, [""womensmarch"", ""trump"", ""sign""], 3]"
"[1893, [""womensmarch"", ""trump"", ""reason""], 2]"
"[1907, [""womensmarch"", ""femal"", ""free""], 2]"
"[1918, [""womensmarch"", ""today"", ""women""], 4]"
"[1922, [""womensmarch"", ""march"", ""inaugur""], 3]"
"[1953, [""womensmarch"", ""today"", ""women""], 3]"
"[1955, [""womensmarch"", ""today"", ""peopl""], 3]"
"[1980, [""womensmarch"", ""today"", ""women""], 4]"
"[1994, [""womensmarch"", ""march"", ""amp""], 2]"
"[2004, [""womensmarch"", ""woman"", ""america""], 2]"
"[2038, [""womensmarch"", ""sign"", ""say""], 2]"
"[2049, [""womensmarch"", ""stand"", ""look""], 2]"
"[2070, [""womensmarch"", ""women"", ""love""], 2]"
"[2083, [""womensmarch"", ""women"", ""inaugur""], 3]"
"[2093, [""womensmarch"", ""pdxwomensmarch"", ""portlandprotest""], 2]"
"[2120, [""womensmarch"", ""say"", ""come""], 2]"
"[2132, [""womensmarch"", ""trump"", ""love""], 2]"
"[2142, [""womensmarch"", ""lovetrumpsh"", ""whywemarch""], 2]"
"[2146, [""womensmarch"", ""women"", ""march""], 2]"
"[2152, [""womensmarch"", ""women"", ""march""], 2]"
"[2166, [""womensmarch"", ""today"", ""love""], 2]"
"[2186, [""womensmarch"", ""famili"", ""organ""], 3]"
"[2215, [""protest"", ""lie"", ""press""], 2]"
"[2246, [""womensmarch"", ""today"", ""inspir""], 2]"
"[2247, [""womensmarch"", ""women"", ""trump""], 2]"
"[2287, [""womensmarch"", ""syracuseinsolidar""], 6]"
"[2289, [""womensmarch"", ""whyimarch"", ""blacklivesmatt""], 3]"
"[2329, [""womensmarch"", ""women"", ""march""], 3]"
"[2343, [""today"", ""equal"", ""DC""], 3]"
"[2352, [""womensmarch"", ""march"", ""peopl""], 4]"
"[2376, [""london"", ""rise"", ""bam""], 3]"
"[2415, [""womensmarch"", ""pictur"", ""fuck""], 2]"
"[2420, [""womensmarch"", ""day"", ""amp""], 2]"
"[2456, [""womensmarch"", ""LA"", ""human""], 2]"
"[2462, [""womensmarch"", ""speak"", ""major""], 7]"
"[2483, [""womensmarch"", ""trump"", ""love""], 2]"
"[2496, [""womensmarch"", ""amp"", ""thank""], 2]"
"[2514, [""womensmarch"", ""women"", ""world""], 2]"
"[2542, [""womensmarch"", ""women"", ""trump""], 2]"
"[2543, [""womensmarch"", ""washington"", ""crowd""], 2]"
"[2548, [""womensmarch"", ""today"", ""march""], 2]"
"[2551, [""womensmarch"", ""today"", ""love""], 2]"
"[2556, [""womensmarch"", ""citi"", ""LA""], 3]"
"[2573, [""womensmarch"", ""protest"", ""crowd""], 2]"
"[2605, [""womensmarch"", ""fresno""], 4]"
"[2621, [""womensmarch"", ""protest"", ""girl""], 3]"
"[2682, [""womensmarch"", ""march"", ""peopl""], 5]"
"[2696, [""womensmarch"", ""sign"", ""made""], 2]"
"[2707, [""womensmarch"", ""women"", ""march""], 8]"
"[2765, [""womensmarch"", ""day"", ""great""], 2]"
"[2791, [""womensmarch"", ""womensmarchonwashington"", ""plannedparenthood""], 2]"
"[2821, [""womensmarch"", ""today"", ""peopl""], 2]"
"[2878, [""womensmarch"", ""womensmarchonwashington"", ""pussygrabsback""], 3]"
"[2901, [""womensmarch"", ""right"", ""let""], 3]"
"[2927, [""womensmarch"", ""make"", ""time""], 2]"
"[2947, [""womensmarch"", ""today"", ""women""], 2]"
"[2961, [""womensmarch"", ""peopl"", ""day""], 4]"
"[2974, [""womensmarch"", ""today"", ""women""], 2]"
"[2975, [""womensmarch"", ""women"", ""trump""], 3]"
"[2986, [""womensmarch"", ""today"", ""see""], 2]"
"[3000, [""womensmarch"", ""women"", ""march""], 2]"
"[3011, [""womensmarch"", ""women"", ""day""], 2]"
"[3036, [""womensmarch"", ""women"", ""march""], 2]"
"[3066, [""media"", ""daili"", ""barri""], 2]"
"[3103, [""womensmarch"", ""amp"", ""go""], 2]"
"[3115, [""stand"", ""crowd"", ""parad""], 2]"
"[3126, [""womensmarch"", ""support"", ""fuck""], 2]"
"[3142, [""womensmarch"", ""today"", ""womensmarchonwashington""], 3]"
"[3180, [""womensmarch"", ""peopl"", ""get""], 3]"
"[3218, [""womensmarch"", ""womensmarchonwashington"", ""wewontgoback""], 2]"
"[3242, [""womensmarch"", ""today"", ""amp""], 2]"
"[3261, [""womensmarch"", ""event"", ""anyth""], 2]"
"[3288, [""womensmarch"", ""womensmarchonwashington"", ""crowd""], 2]"
"[3318, [""womensmarch"", ""cc""], 2]"
"[3336, [""womensmarch"", ""today"", ""womensmarchonwashington""], 2]"
"[3445, [""womensmarch"", ""today"", ""march""], 2]"
"[3447, [""womensmarch"", ""women"", ""march""], 2]"
"[3471, [""womensmarch"", ""today"", ""proud""], 2]"
"[3496, [""womensmarch"", ""world"", ""crowd""], 2]"
"[3520, [""womensmarch"", ""right"", ""stand""], 2]"
"[3574, [""womensmarch"", ""get""], 2]"
"[3586, [""womensmarch"", ""trump"", ""make""], 2]"
"[3593, [""womensmarch"", ""park"", ""movement""], 2]"
"[3598, [""womensmarch"", ""today"", ""march""], 3]"
"[3625, [""womensmarch"", ""today"", ""march""], 3]"
"[3704, [""womensmarch"", ""photo"", ""budapest""], 2]"
"[3755, [""womensmarch"", ""inaugur"", ""crowd""], 2]"
"[3759, [""womensmarch"", ""day"", ""womensmarchlosangel""], 2]"
"[3763, [""womensmarch"", ""peopl"", ""world""], 2]"
"[3770, [""womensmarch"", ""sign"", ""womensmarchonwashington""], 2]"
"[3774, [""womensmarch"", ""women"", ""right""], 3]"
"[3782, [""womensmarch"", ""womensmarchonwashington"", ""say""], 2]"
"[3832, [""womensmarch"", ""sign"", ""join""], 2]"
"[3867, [""womensmarch"", ""women"", ""march""], 2]"
"[3874, [""womensmarch"", ""get"", ""life""], 4]"
"[3908, [""womensmarch"", ""citi"", ""mexico""], 2]"
"[3988, [""daili""], 3]"
"[4018, [""womensmarch"", ""peopl"", ""inaugur""], 2]"
"[4043, [""daili"", ""luigi"", ""forlai""], 2]"
"[4051, [""womensmarch"", ""womensmarchhartford""], 6]"
"[4052, [""womensmarch"", ""austin"", ""texascapitol""], 2]"
"[4091, [""womensmarch"", ""prolif"", ""stage""], 2]"
"[4116, [""womensmarch"", ""womensmarchlosangel"", ""womensmarchnyc""], 2]"
"[4192, [""womensmarch"", ""TT"", ""ghana""], 2]"
"[4254, [""womensmarch"", ""womensmarchonwashington"", ""sharia""], 2]"
"[4264, [""womensmarch"", ""citi"", ""san""], 3]"
"[4316, [""womensmarch"", ""today"", ""love""], 2]"
"[4428, [""womensmarch"", ""peopl"", ""womensmarchonwashington""], 2]"
"[4470, [""womensmarch"", ""women"", ""pink""], 2]"
"[4545, [""womensmarch"", ""womensmarchonwashington"", ""pussi""], 2]"
"[4657, [""womensmarch"", ""women"", ""trump""], 2]"
"[4658, [""womensmarch"", ""today"", ""march""], 2]"
"[4790, [""march"", ""get"", ""countri""], 2]"
"[4796, [""womensmarch"", ""inaugur"", ""oakland""], 3]"
"[5009, [""womensmarch"", ""rise"", ""draw""], 2]"
"[5025, [""womensmarchonwashington"", ""stand"", ""inaugur""], 2]"
"[5175, [""womensmarch"", ""thank"", ""support""], 2]"
"[5182, [""womensmarch"", ""day"", ""womensmarchonwashington""], 2]"
"[5183, [""womensmarch"", ""estamosunida""], 2]"
"[5275, [""trump"", ""inaugur"", ""time""], 2]"
"[5297, [""womensmarch"", ""women"", ""trump""], 3]"
"[5346, [""womensmarch"", ""peopl"", ""day""], 2]"
"[5727, [""womensmarch"", ""sign"", ""DC""], 2]"
"[5879, [""womensmarch"", ""today"", ""women""], 2]"
"[6515, [""womensmarch"", ""womensmarchlosangel""], 2]"
"[0, [""womensmarch"", ""today"", ""women""], 3]"
"[1, [""womensmarch"", ""today"", ""women""], 2229]"
"[2, [""womensmarch"", ""today"", ""peopl""], 10]"
"[3, [""womensmarch"", ""woman"", ""wish""], 3]"
"[4, [""womensmarch"", ""today"", ""women""], 90]"
"[5, [""womensmarch"", ""today"", ""women""], 1008]"
"[6, [""womensmarch"", ""today"", ""women""], 93]"
"[7, [""womensmarch"", ""today"", ""denver""], 2]"
"[8, [""womensmarch"", ""today"", ""women""], 1596]"
"[10, [""womensmarch"", ""today"", ""women""], 690]"
"[12, [""womensmarch"", ""today"", ""women""], 743]"
"[13, [""womensmarch"", ""today"", ""women""], 379]"
"[14, [""womensmarch"", ""women"", ""march""], 5]"
"[15, [""womensmarch"", ""today"", ""women""], 3007]"
"[16, [""womensmarch"", ""today"", ""women""], 25]"
"[17, [""womensmarch"", ""today"", ""women""], 43]"
"[18, [""womensmarch"", ""today"", ""women""], 30]"
"[19, [""womensmarch"", ""today"", ""women""], 24]"
"[20, [""womensmarch"", ""today"", ""women""], 29]"
"[21, [""womensmarch"", ""today"", ""women""], 131]"
"[22, [""womensmarch"", ""today"", ""women""], 908]"
"[23, [""womensmarch"", ""today"", ""women""], 863]"
"[24, [""womensmarch"", ""peopl"", ""look""], 11]"
"[25, [""womensmarch"", ""today"", ""women""], 83]"
"[26, [""womensmarch"", ""today"", ""women""], 889]"
"[27, [""womensmarch"", ""today"", ""women""], 715]"
"[28, [""womensmarch"", ""women"", ""march""], 5]"
"[29, [""womensmarch"", ""day"", ""crowd""], 5]"
"[30, [""womensmarch"", ""today"", ""women""], 747]"
"[31, [""womensmarch"", ""today"", ""women""], 91]"
"[32, [""womensmarch"", ""today"", ""work""], 2]"
"[33, [""womensmarch"", ""women"", ""march""], 10]"
"[34, [""womensmarch"", ""today"", ""women""], 57]"
"[35, [""womensmarch"", ""today"", ""women""], 64]"
"[36, [""womensmarch"", ""today"", ""women""], 244]"
"[37, [""womensmarch"", ""today"", ""women""], 22]"
"[38, [""womensmarch"", ""today"", ""women""], 17]"
"[40, [""womensmarch"", ""today"", ""women""], 25]"
"[41, [""womensmarch"", ""today"", ""women""], 774]"
"[42, [""womensmarch"", ""today"", ""women""], 20]"
"[43, [""womensmarch"", ""women"", ""march""], 21]"
"[45, [""womensmarch"", ""today"", ""women""], 18]"
"[51, [""womensmarch"", ""today"", ""women""], 16]"
"[52, [""womensmarch"", ""women"", ""girl""], 4]"
"[54, [""womensmarch"", ""today"", ""women""], 13]"
"[55, [""womensmarch"", ""today"", ""women""], 209]"
"[56, [""womensmarch"", ""today"", ""women""], 21]"
"[58, [""womensmarch"", ""today"", ""women""], 65]"
"[59, [""womensmarch"", ""women"", ""march""], 7]"
"[60, [""womensmarch"", ""love"", ""done""], 2]"
"[63, [""womensmarch"", ""march"", ""go""], 9]"
"[64, [""womensmarch"", ""today"", ""women""], 486]"
"[65, [""womensmarch"", ""march"", ""see""], 9]"
"[66, [""womensmarch"", ""today"", ""women""], 650]"
"[67, [""womensmarch"", ""today"", ""love""], 12]"
"[69, [""womensmarch"", ""today"", ""women""], 1724]"
"[71, [""womensmarch"", ""today"", ""women""], 14]"
"[72, [""womensmarch"", ""today"", ""women""], 32]"
"[73, [""womensmarch"", ""today"", ""women""], 448]"
"[74, [""womensmarch"", ""today"", ""love""], 18]"
"[75, [""womensmarch"", ""today"", ""love""], 5]"
"[76, [""womensmarch"", ""today"", ""women""], 16]"
"[78, [""womensmarch"", ""today"", ""women""], 42]"
"[81, [""womensmarch"", ""today"", ""women""], 45]"
"[82, [""womensmarch"", ""women"", ""march""], 12]"
"[85, [""womensmarch"", ""today"", ""march""], 5]"
"[86, [""womensmarch"", ""inspir"", ""theresist""], 2]"
"[89, [""womensmarch"", ""today"", ""women""], 11]"
"[92, [""womensmarch"", ""today"", ""women""], 107]"
"[93, [""womensmarch"", ""today"", ""march""], 2]"
"[94, [""womensmarch"", ""today"", ""love""], 47]"
"[98, [""womensmarch"", ""today"", ""women""], 28]"
"[99, [""womensmarch"", ""today"", ""women""], 24]"
"[100, [""womensmarch"", ""today"", ""come""], 2]"
"[101, [""womensmarch"", ""today"", ""women""], 16]"
"[107, [""womensmarch"", ""today"", ""women""], 5]"
"[109, [""womensmarch"", ""women"", ""march""], 26]"
"[111, [""womensmarch"", ""march"", ""peopl""], 9]"
"[112, [""womensmarch"", ""today"", ""women""], 9]"
"[114, [""womensmarch"", ""thing"", ""fist""], 2]"
"[115, [""womensmarch"", ""today"", ""women""], 64]"
"[116, [""womensmarch"", ""women"", ""make""], 6]"
"[117, [""womensmarch"", ""today"", ""women""], 77]"
"[118, [""womensmarch"", ""today"", ""women""], 72]"
"[119, [""womensmarch"", ""today"", ""love""], 7]"
"[120, [""womensmarch"", ""today"", ""women""], 39]"
"[121, [""womensmarch"", ""today"", ""women""], 130]"
"[122, [""womensmarch"", ""world"", ""hope""], 2]"
"[124, [""womensmarch"", ""today"", ""women""], 48]"
"[125, [""womensmarch"", ""trump"", ""see""], 2]"
"[126, [""womensmarch"", ""today"", ""women""], 32]"
"[127, [""womensmarch"", ""today"", ""women""], 60]"
"[129, [""womensmarch"", ""resist"", ""theresist""], 3]"
"[133, [""womensmarch"", ""today"", ""women""], 230]"
"[135, [""womensmarch"", ""women"", ""march""], 11]"
"[136, [""womensmarch"", ""today"", ""women""], 80]"
"[137, [""womensmarch"", ""today"", ""women""], 275]"
"[138, [""womensmarch"", ""today"", ""march""], 8]"
"[139, [""womensmarch"", ""today"", ""women""], 8]"
"[142, [""womensmarch"", ""today"", ""women""], 20]"
"[147, [""womensmarch"", ""love"", ""pass""], 2]"
"[150, [""womensmarch"", ""today"", ""women""], 219]"
"[153, [""womensmarch"", ""today"", ""women""], 103]"
"[155, [""womensmarch"", ""today"", ""women""], 74]"
"[158, [""womensmarch"", ""women"", ""march""], 10]"
"[159, [""womensmarch"", ""day"", ""know""], 3]"
"[160, [""womensmarch"", ""trump"", ""womensmarchonwashington""], 5]"
"[161, [""womensmarch"", ""today"", ""women""], 6]"
"[165, [""womensmarch"", ""weareher"", ""resistanceisbeauti""], 2]"
"[167, [""womensmarch"", ""today"", ""love""], 4]"
"[168, [""womensmarch"", ""today"", ""women""], 31]"
"[169, [""womensmarch"", ""today"", ""peopl""], 11]"
"[173, [""womensmarch"", ""today"", ""women""], 45]"
"[175, [""womensmarch"", ""today"", ""women""], 17]"
"[176, [""womensmarch"", ""see"", ""womensmarchonwashington""], 5]"
"[177, [""womensmarch"", ""march"", ""right""], 2]"
"[182, [""womensmarch"", ""today"", ""women""], 15]"
"[185, [""womensmarch"", ""women"", ""march""], 4]"
"[190, [""womensmarch"", ""today"", ""women""], 50]"
"[191, [""womensmarch"", ""peopl"", ""love""], 5]"
"[193, [""womensmarch"", ""today"", ""women""], 34]"
"[194, [""womensmarch"", ""today"", ""women""], 8]"
"[195, [""womensmarch"", ""today"", ""women""], 299]"
"[198, [""womensmarch"", ""today"", ""women""], 10]"
"[201, [""today"", ""women"", ""love""], 2]"
"[202, [""womensmarch"", ""trump"", ""womensmarchonwashington""], 3]"
"[203, [""womensmarch"", ""today"", ""women""], 20]"
"[204, [""womensmarch"", ""peopl"", ""right""], 3]"
"[206, [""womensmarch"", ""today"", ""love""], 6]"
"[208, [""womensmarch"", ""trump"", ""world""], 3]"
"[209, [""womensmarch"", ""see"", ""sign""], 5]"
"[211, [""womensmarch"", ""today"", ""women""], 7]"
"[216, [""womensmarch"", ""today"", ""women""], 103]"
"[217, [""womensmarch"", ""today"", ""women""], 17]"
"[219, [""womensmarch"", ""peopl"", ""trump""], 3]"
"[222, [""womensmarch"", ""today"", ""women""], 28]"
"[225, [""womensmarch"", ""march"", ""woman""], 15]"
"[226, [""womensmarch"", ""women"", ""peopl""], 5]"
"[227, [""womensmarch"", ""women"", ""march""], 9]"
"[232, [""womensmarch"", ""today"", ""women""], 94]"
"[234, [""womensmarch"", ""today"", ""march""], 6]"
"[235, [""womensmarch"", ""today"", ""peopl""], 6]"
"[237, [""womensmarch"", ""march"", ""world""], 2]"
"[238, [""womensmarch"", ""today"", ""women""], 41]"
"[240, [""womensmarch"", ""trump"", ""thing""], 2]"
"[242, [""womensmarch"", ""today"", ""women""], 242]"
"[250, [""womensmarch"", ""today"", ""women""], 19]"
"[252, [""womensmarch"", ""today"", ""women""], 66]"
"[257, [""womensmarch"", ""today"", ""women""], 2]"
"[263, [""womensmarch"", ""today"", ""women""], 27]"
"[264, [""womensmarch"", ""newyorkc"", ""unitedagainsth""], 2]"
"[267, [""womensmarch"", ""today"", ""women""], 20]"
"[276, [""womensmarch"", ""today"", ""women""], 84]"
"[281, [""womensmarch"", ""today"", ""women""], 35]"
"[282, [""womensmarch"", ""today"", ""make""], 3]"
"[283, [""womensmarch"", ""today"", ""women""], 15]"
"[284, [""womensmarch"", ""today"", ""women""], 3]"
"[285, [""womensmarch"", ""love"", ""pictur""], 4]"
"[290, [""womensmarch"", ""women"", ""march""], 11]"
"[292, [""womensmarch"", ""women"", ""see""], 4]"
"[295, [""womensmarch"", ""today"", ""women""], 2]"
"[297, [""womensmarch"", ""women"", ""march""], 6]"
"[299, [""womensmarch"", ""today"", ""women""], 7]"
"[300, [""womensmarch"", ""trump"", ""sign""], 4]"
"[307, [""womensmarch"", ""sign"", ""womensmarchoma""], 2]"
"[313, [""womensmarch"", ""today"", ""women""], 4]"
"[316, [""womensmarch"", ""today"", ""women""], 7]"
"[317, [""womensmarch"", ""fact"", ""issu""], 2]"
"[321, [""womensmarch"", ""theresist"", ""sistermarch""], 2]"
"[324, [""womensmarch"", ""today"", ""march""], 7]"
"[325, [""womensmarch"", ""today"", ""love""], 3]"
"[327, [""womensmarch"", ""women"", ""march""], 5]"
"[340, [""womensmarch"", ""today"", ""women""], 11]"
"[342, [""womensmarch"", ""today"", ""women""], 12]"
"[352, [""womensmarch"", ""march"", ""trump""], 5]"
"[354, [""womensmarch"", ""march"", ""love""], 5]"
"[355, [""womensmarch"", ""today"", ""march""], 19]"
"[360, [""womensmarch"", ""today"", ""go""], 2]"
"[366, [""womensmarch"", ""women"", ""march""], 20]"
"[368, [""womensmarch"", ""today"", ""women""], 35]"
"[372, [""womensmarch"", ""trump"", ""day""], 7]"
"[373, [""womensmarch"", ""oakland"", ""famili""], 2]"
"[375, [""womensmarch"", ""amp"", ""womensright""], 2]"
"[379, [""womensmarch"", ""peopl"", ""see""], 5]"
"[380, [""womensmarch"", ""today"", ""trump""], 2]"
"[385, [""womensmarch"", ""today"", ""march""], 11]"
"[386, [""womensmarch"", ""trump"", ""oakland""], 2]"
"[387, [""womensmarch"", ""today"", ""women""], 28]"
"[388, [""womensmarch"", ""pictur"", ""speech""], 3]"
"[394, [""womensmarch"", ""go"", ""fight""], 4]"
"[398, [""womensmarch"", ""men"", ""tri""], 2]"
"[400, [""womensmarch"", ""today"", ""hope""], 6]"
"[405, [""womensmarch"", ""femal""], 5]"
"[408, [""womensmarch"", ""today"", ""peopl""], 6]"
"[413, [""womensmarch"", ""today"", ""go""], 2]"
"[415, [""womensmarch"", ""today"", ""women""], 6]"
"[417, [""womensmarch"", ""today"", ""women""], 11]"
"[421, [""womensmarch"", ""woman"", ""girl""], 16]"
"[424, [""womensmarch"", ""love"", ""support""], 3]"
"[426, [""womensmarch"", ""trump"", ""look""], 17]"
"[430, [""womensmarch"", ""women"", ""march""], 5]"
"[434, [""womensmarch"", ""today"", ""women""], 54]"
"[437, [""womensmarch"", ""women"", ""make""], 4]"
"[442, [""womensmarch"", ""citi"", ""lovetrumpsh""], 3]"
"[444, [""womensmarch"", ""today"", ""women""], 49]"
"[448, [""womensmarch"", ""today"", ""women""], 2]"
"[455, [""womensmarch"", ""women"", ""march""], 20]"
"[458, [""womensmarch"", ""stand"", ""want""], 15]"
"[464, [""womensmarch"", ""DC"", ""photo""], 7]"
"[469, [""womensmarch"", ""philadelphia"", ""womensmarchphiladelphia""], 2]"
"[471, [""womensmarch"", ""today"", ""women""], 9]"
"[474, [""womensmarch"", ""women"", ""peopl""], 7]"
"[475, [""womensmarch"", ""today"", ""women""], 35]"
"[476, [""womensmarch"", ""today"", ""peopl""], 11]"
"[481, [""womensmarch"", ""march"", ""join""], 2]"
"[487, [""womensmarch"", ""today"", ""women""], 6]"
"[489, [""womensmarch"", ""today"", ""women""], 7]"
"[496, [""womensmarch"", ""today"", ""women""], 21]"
"[501, [""womensmarch"", ""today"", ""women""], 6]"
"[502, [""womensmarch"", ""women"", ""march""], 4]"
"[504, [""womensmarch"", ""today"", ""women""], 41]"
"[505, [""womensmarchonwashington"", ""experi"", ""again""], 2]"
"[518, [""womensmarch"", ""today"", ""women""], 2]"
"[519, [""womensmarch"", ""today"", ""march""], 7]"
"[521, [""womensmarch"", ""today"", ""women""], 2]"
"[524, [""womensmarch"", ""today"", ""women""], 4]"
"[525, [""womensmarch"", ""today"", ""inaugur""], 2]"
"[530, [""womensmarch"", ""today"", ""march""], 6]"
"[532, [""womensmarch"", ""day"", ""boston""], 2]"
"[534, [""womensmarch"", ""today"", ""women""], 52]"
"[535, [""womensmarch"", ""peopl"", ""trump""], 4]"
"[536, [""womensmarch"", ""women"", ""woman""], 4]"
"[543, [""womensmarch"", ""today"", ""happen""], 5]"
"[546, [""womensmarch"", ""proud"", ""power""], 2]"
"[548, [""womensmarch"", ""women"", ""march""], 3]"
"[551, [""womensmarch"", ""today"", ""day""], 3]"
"[552, [""womensmarch"", ""today"", ""woman""], 2]"
"[553, [""womensmarch"", ""today"", ""womensmarchonwashington""], 2]"
"[554, [""womensmarch"", ""stand"", ""show""], 2]"
"[557, [""womensmarch"", ""trump"", ""amor""], 2]"
"[568, [""womensmarch"", ""women"", ""girl""], 3]"
"[570, [""womensmarch"", ""peopl"", ""day""], 10]"
"[572, [""womensmarch"", ""crowd"", ""thing""], 2]"
"[573, [""womensmarch"", ""today"", ""women""], 5]"
"[574, [""womensmarch"", ""women"", ""womensmarchonwashington""], 2]"
"[575, [""womensmarch"", ""make"", ""thing""], 3]"
"[583, [""womensmarch"", ""today"", ""women""], 9]"
"[586, [""womensmarch"", ""today"", ""peopl""], 4]"
"[589, [""womensmarch"", ""today"", ""march""], 5]"
"[598, [""feminist"", ""daili"", ""gioconda""], 3]"
"[601, [""womensmarch"", ""women"", ""march""], 4]"
"[602, [""womensmarch"", ""peopl"", ""thank""], 2]"
"[606, [""womensmarch"", ""march"", ""sign""], 4]"
"[618, [""womensmarch"", ""get"", ""inaugur""], 3]"
"[628, [""womensmarch"", ""make"", ""womensmarchonwashington""], 5]"
"[630, [""womensmarch"", ""today"", ""day""], 7]"
"[638, [""womensmarch"", ""make"", ""inaugur""], 2]"
"[639, [""womensmarch"", ""women"", ""peopl""], 8]"
"[640, [""womensmarch"", ""today"", ""women""], 9]"
"[645, [""womensmarch"", ""equal"", ""time""], 2]"
"[654, [""womensmarch"", ""women"", ""peopl""], 4]"
"[665, [""womensmarch"", ""today"", ""peopl""], 7]"
"[668, [""womensmarch"", ""today"", ""march""], 8]"
"[670, [""womensmarch"", ""march"", ""trump""], 2]"
"[671, [""womensmarch"", ""today"", ""women""], 43]"
"[675, [""womensmarch"", ""march"", ""peopl""], 2]"
"[679, [""womensmarch"", ""today"", ""sign""], 10]"
"[688, [""womensmarch"", ""women"", ""march""], 2]"
"[695, [""womensmarch"", ""today"", ""march""], 5]"
"[697, [""womensmarch"", ""today"", ""march""], 9]"
"[698, [""womensmarch"", ""women"", ""peopl""], 6]"
"[699, [""womensmarch"", ""today"", ""women""], 2]"
"[701, [""womensmarch"", ""feel"", ""madonna""], 2]"
"[719, [""womensmarch"", ""today"", ""women""], 7]"
"[720, [""womensmarch"", ""womensmarchonwashington"", ""get""], 3]"
"[722, [""womensmarch"", ""today"", ""women""], 11]"
"[723, [""womensmarch"", ""right"", ""sign""], 5]"
"[730, [""womensmarch"", ""today"", ""march""], 5]"
"[741, [""womensmarch"", ""day"", ""amp""], 2]"
"[746, [""womensmarch"", ""today"", ""proud""], 2]"
"[763, [""womensmarch"", ""see"", ""im""], 2]"
"[775, [""womensmarch"", ""today"", ""sign""], 2]"
"[776, [""womensmarch"", ""today"", ""women""], 39]"
"[780, [""womensmarch"", ""today"", ""women""], 6]"
"[782, [""womensmarch"", ""girl"", ""power""], 5]"
"[786, [""womensmarch"", ""today"", ""women""], 3]"
"[790, [""womensmarch"", ""today"", ""love""], 3]"
"[794, [""womensmarch"", ""women"", ""march""], 4]"
"[800, [""womensmarch"", ""today"", ""women""], 17]"
"[801, [""womensmarch"", ""today"", ""go""], 3]"
"[804, [""womensmarch"", ""today"", ""women""], 18]"
"[806, [""womensmarch"", ""world"", ""come""], 2]"
"[808, [""womensmarch"", ""march"", ""woman""], 6]"
"[809, [""womensmarch"", ""women"", ""march""], 2]"
"[817, [""womensmarch"", ""washington"", ""democraci""], 2]"
"[829, [""womensmarch"", ""today"", ""women""], 9]"
"[839, [""womensmarch"", ""today"", ""women""], 4]"
"[843, [""womensmarch"", ""women"", ""march""], 2]"
"[844, [""womensmarch"", ""resist"", ""ladi""], 2]"
"[848, [""womensmarch"", ""women"", ""love""], 2]"
"[849, [""womensmarch"", ""today"", ""women""], 4]"
"[851, [""womensmarch"", ""san"", ""downtown""], 2]"
"[853, [""womensmarch"", ""protest"", ""sister""], 2]"
"[858, [""womensmarch"", ""women"", ""go""], 6]"
"[864, [""womensmarch"", ""sign"", ""sean""], 2]"
"[872, [""womensmarch"", ""trump"", ""equal""], 4]"
"[873, [""womensmarch"", ""right"", ""want""], 3]"
"[876, [""womensmarch"", ""peopl"", ""make""], 3]"
"[880, [""womensmarch"", ""march"", ""lovetrumpsh""], 3]"
"[882, [""womensmarch"", ""today"", ""word""], 2]"
"[887, [""womensmarch"", ""women"", ""day""], 9]"
"[891, [""womensmarch"", ""lo"", ""angel""], 2]"
"[896, [""womensmarch"", ""women"", ""march""], 6]"
"[914, [""womensmarch"", ""today"", ""march""], 2]"
"[926, [""womensmarch"", ""women"", ""march""], 12]"
"[939, [""womensmarch"", ""today"", ""thank""], 3]"
"[946, [""womensmarch"", ""today"", ""love""], 6]"
"[957, [""womensmarch"", ""today"", ""women""], 5]"
"[965, [""womensmarch"", ""women"", ""make""], 4]"
"[967, [""today"", ""womensmarchonwashington"", ""work""], 2]"
"[982, [""womensmarch"", ""today"", ""see""], 3]"
"[984, [""womensmarch"", ""today"", ""love""], 7]"
"[988, [""womensmarch"", ""wmwart""], 3]"
"[993, [""womensmarch"", ""women"", ""march""], 3]"
"[994, [""womensmarch"", ""day"", ""go""], 2]"
"[996, [""womensmarch"", ""today"", ""march""], 7]"
"[1003, [""womensmarch"", ""love"", ""trump""], 2]"
"[1007, [""womensmarch"", ""women"", ""march""], 6]"
"[1009, [""womensmarch"", ""thing"", ""empow""], 2]"
"[1011, [""womensmarch"", ""day"", ""amaz""], 2]"
"[1014, [""womensmarch"", ""woman"", ""think""], 2]"
"[1026, [""womensmarch"", ""bodi"", ""whywemarch""], 2]"
"[1029, [""womensmarch"", ""protest"", ""proud""], 6]"
"[1036, [""womensmarch"", ""trump"", ""day""], 5]"
"[1065, [""womensmarch"", ""today"", ""women""], 3]"
"[1066, [""womensmarch"", ""today"", ""women""], 5]"
"[1073, [""womensmarch"", ""today"", ""women""], 4]"
"[1074, [""womensmarch"", ""march"", ""love""], 8]"
"[1082, [""womensmarch"", ""today"", ""march""], 2]"
"[1096, [""womensmarch"", ""march"", ""trump""], 3]"
"[1098, [""womensmarch"", ""today"", ""photo""], 2]"
"[1102, [""womensmarch"", ""today"", ""women""], 2]"
"[1105, [""womensmarch"", ""today"", ""women""], 9]"
"[1109, [""womensmarch"", ""get"", ""Go""], 2]"
"[1110, [""womensmarch"", ""today"", ""women""], 3]"
"[1117, [""womensmarch"", ""win"", ""lost""], 2]"
"[1126, [""womensmarch"", ""today"", ""women""], 2]"
"[1137, [""womensmarch"", ""today"", ""peopl""], 7]"
"[1138, [""womensmarch"", ""march"", ""trump""], 4]"
"[1150, [""womensmarch"", ""today"", ""peopl""], 3]"
"[1153, [""womensmarch"", ""protest"", ""get""], 3]"
"[1154, [""womensmarch"", ""today"", ""march""], 3]"
"[1170, [""womensmarch"", ""today"", ""women""], 8]"
"[1174, [""womensmarch"", ""today"", ""stand""], 3]"
"[1180, [""womensmarch"", ""today"", ""sign""], 2]"
"[1191, [""womensmarch"", ""today"", ""love""], 6]"
"[1199, [""womensmarch"", ""world"", ""citi""], 3]"
"[1205, [""peopl"", ""trump"", ""day""], 2]"
"[1208, [""womensmarch"", ""women"", ""love""], 4]"
"[1213, [""womensmarch"", ""trump"", ""sign""], 5]"
"[1216, [""womensmarch"", ""hewillnotdivideu""], 2]"
"[1224, [""womensmarch"", ""march"", ""see""], 4]"
"[1228, [""womensmarch"", ""women"", ""march""], 11]"
"[1233, [""womensmarch"", ""today"", ""march""], 3]"
"[1236, [""womensmarch"", ""damn""], 3]"
"[1238, [""womensmarch"", ""today"", ""women""], 2]"
"[1243, [""womensmarch"", ""today"", ""peopl""], 2]"
"[1244, [""womensmarch"", ""women"", ""pleas""], 2]"
"[1251, [""womensmarch"", ""women"", ""peopl""], 5]"
"[1263, [""womensmarch"", ""love"", ""trump""], 3]"
"[1272, [""womensmarch"", ""today"", ""women""], 5]"
"[1273, [""womensmarch"", ""today"", ""peopl""], 5]"
"[1276, [""womensmarch"", ""today"", ""peopl""], 5]"
"[1283, [""womensmarch"", ""today"", ""march""], 3]"
"[1286, [""womensmarch"", ""burn"", ""witch""], 2]"
"[1288, [""womensmarch"", ""today"", ""countri""], 2]"
"[1302, [""womensmarch"", ""day"", ""go""], 3]"
"[1304, [""womensmarch"", ""attend"", ""daughter""], 3]"
"[1306, [""womensmarch"", ""washington"", ""femin""], 2]"
"[1321, [""womensmarch"", ""today"", ""women""], 3]"
"[1324, [""womensmarch"", ""make"", ""protest""], 4]"
"[1338, [""womensmarch"", ""nyc"", ""dear""], 2]"
"[1340, [""womensmarch"", ""today"", ""new""], 2]"
"[1349, [""womensmarch"", ""today"", ""peopl""], 5]"
"[1350, [""womensmarch"", ""today"", ""right""], 6]"
"[1355, [""womensmarch"", ""today"", ""peopl""], 5]"
"[1368, [""womensmarch"", ""peopl"", ""right""], 9]"
"[1370, [""womensmarch"", ""today"", ""women""], 17]"
"[1371, [""womensmarch"", ""lol"", ""hero""], 2]"
"[1390, [""womensmarch"", ""peopl"", ""go""], 4]"
"[1394, [""womensmarch"", ""today"", ""women""], 4]"
"[1395, [""womensmarch"", ""love"", ""girl""], 4]"
"[1397, [""womensmarch"", ""want"", ""mom""], 2]"
"[1398, [""womensmarch"", ""sign"", ""san""], 2]"
"[1405, [""womensmarch"", ""today"", ""peopl""], 5]"
"[1406, [""womensmarch"", ""peopl"", ""right""], 2]"
"[1417, [""womensmarch"", ""today"", ""women""], 7]"
"[1438, [""womensmarch"", ""today"", ""fight""], 2]"
"[1462, [""womensmarch"", ""today"", ""women""], 3]"
"[1473, [""womensmarch"", ""sign"", ""marcher""], 2]"
"[1479, [""womensmarch"", ""today"", ""women""], 16]"
"[1488, [""womensmarch"", ""women"", ""march""], 9]"
"[1491, [""womensmarch"", ""women"", ""march""], 3]"
"[1496, [""womensmarch"", ""today"", ""women""], 2]"
"[1499, [""womensmarch"", ""women"", ""world""], 2]"
"[1532, [""womensmarch"", ""women"", ""think""], 2]"
"[1588, [""womensmarch"", ""march"", ""place""], 2]"
"[1596, [""womensmarch"", ""today"", ""women""], 3]"
"[1609, [""womensmarch"", ""march"", ""sign""], 6]"
"[1610, [""womensmarch"", ""see"", ""sign""], 3]"
"[1649, [""womensmarch"", ""word"", ""express""], 4]"
"[1669, [""womensmarch"", ""whywemarch"", ""winter""], 2]"
"[1680, [""womensmarch"", ""today"", ""love""], 3]"
"[1683, [""womensmarch"", ""today"", ""march""], 7]"
"[1690, [""womensmarch"", ""peopl"", ""love""], 4]"
"[1691, [""womensmarch"", ""feel"", ""IS""], 2]"
"[1692, [""womensmarch"", ""march"", ""womensmarchonwashington""], 3]"
"[1700, [""womensmarch"", ""today"", ""women""], 3]"
"[1702, [""womensmarch"", ""women"", ""march""], 3]"
"[1716, [""womensmarch"", ""day"", ""sign""], 2]"
"[1730, [""womensmarch"", ""today"", ""love""], 5]"
"[1737, [""womensmarch"", ""peopl"", ""protest""], 3]"
"[1745, [""womensmarch"", ""LA"", ""lo""], 2]"
"[1779, [""womensmarch"", ""crowd"", ""show""], 3]"
"[1794, [""womensmarch"", ""today"", ""women""], 13]"
"[1806, [""womensmarch"", ""get"", ""let""], 4]"
"[1810, [""womensmarch"", ""today"", ""women""], 2]"
"[1814, [""womensmarch"", ""hear""], 2]"
"[1815, [""womensmarch"", ""women"", ""march""], 2]"
"[1839, [""womensmarch"", ""ask"", ""guess""], 3]"
"[1856, [""womensmarch"", ""oakland"", ""california""], 2]"
"[1858, [""womensmarch"", ""citi"", ""man""], 2]"
"[1864, [""womensmarch"", ""today"", ""sign""], 3]"
"[1876, [""womensmarch"", ""womensrightsarehumanright"", ""equalityforal""], 2]"
"[1877, [""womensmarch"", ""womensmarchonwashington"", ""hand""], 3]"
"[1878, [""womensmarch"", ""women"", ""washington""], 2]"
"[1923, [""womensmarch"", ""syracuseinsolidar""], 6]"
"[1927, [""women"", ""march"", ""peopl""], 3]"
"[1929, [""womensmarch"", ""DC"", ""amaz""], 2]"
"[1930, [""womensmarch"", ""forget""], 2]"
"[1941, [""womensmarch"", ""march"", ""world""], 2]"
"[1953, [""womensmarch"", ""today"", ""march""], 6]"
"[1996, [""womensmarch"", ""emma"", ""watson""], 2]"
"[2014, [""womensmarch"", ""peopl"", ""crowd""], 2]"
"[2061, [""womensmarch"", ""marcher"", ""lexington""], 5]"
"[2073, [""womensmarch"", ""today"", ""women""], 2]"
"[2087, [""womensmarch"", ""girl"", ""anyth""], 3]"
"[2090, [""womensmarch"", ""sign"", ""DC""], 2]"
"[2094, [""womensmarch"", ""right"", ""get""], 2]"
"[2096, [""womensmarch"", ""march"", ""portland""], 2]"
"[2098, [""womensmarch"", ""make"", ""thank""], 3]"
"[2099, [""womensmarch"", ""lexington""], 2]"
"[2113, [""womensmarch"", ""today"", ""day""], 3]"
"[2119, [""womensmarch"", ""washington"", ""thousand""], 2]"
"[2129, [""womensmarch"", ""see"", ""inaugur""], 2]"
"[2136, [""womensmarch"", ""love"", ""womensrightsarehumanright""], 4]"
"[2144, [""womensmarch"", ""new"", ""orlean""], 4]"
"[2155, [""womensmarch"", ""today"", ""love""], 3]"
"[2176, [""womensmarch"", ""women"", ""peopl""], 2]"
"[2180, [""womensmarch"", ""thank"", ""men""], 3]"
"[2186, [""womensmarch"", ""sign"", ""marcher""], 2]"
"[2192, [""womensmarch"", ""today"", ""march""], 3]"
"[2221, [""womensmarch"", ""march"", ""peopl""], 3]"
"[2227, [""womensmarch"", ""love"", ""thank""], 2]"
"[2251, [""womensmarch"", ""look"", ""feminist""], 2]"
"[2268, [""womensmarch"", ""see"", ""san""], 2]"
"[2285, [""womensmarch"", ""went""], 2]"
"[2302, [""womensmarch"", ""get"", ""need""], 2]"
"[2332, [""womensmarch"", ""peopl"", ""love""], 3]"
"[2366, [""womensmarch"", ""today"", ""protest""], 2]"
"[2370, [""womensmarch"", ""day"", ""make""], 2]"
"[2373, [""womensmarch"", ""resist"", ""post""], 3]"
"[2415, [""womensmarch"", ""live"", ""downtown""], 2]"
"[2416, [""womensmarch"", ""women"", ""peopl""], 4]"
"[2444, [""womensmarch"", ""trump"", ""support""], 4]"
"[2481, [""womensmarch"", ""today"", ""women""], 3]"
"[2484, [""womensmarch"", ""inaugur"", ""equal""], 2]"
"[2488, [""today"", ""amp"", ""part""], 2]"
"[2519, [""womensmarch"", ""trump"", ""show""], 2]"
"[2586, [""womensmarch"", ""theplaylist""], 3]"
"[2619, [""womensmarch"", ""womensmarchdc"", ""reshar""], 2]"
"[2642, [""womensmarch"", ""day"", ""look""], 3]"
"[2668, [""womensmarch"", ""today"", ""march""], 4]"
"[2705, [""womensmarch"", ""see"", ""amp""], 2]"
"[2708, [""womensmarch"", ""today"", ""march""], 2]"
"[2727, [""womensmarch"", ""whyimarch"", ""womensright""], 2]"
"[2760, [""womensmarch"", ""right"", ""go""], 4]"
"[2763, [""womensmarch"", ""woman"", ""believ""], 2]"
"[2807, [""womensmarch"", ""go"", ""prove""], 3]"
"[2848, [""womensmarch"", ""today"", ""women""], 2]"
"[2878, [""womensmarch"", ""world"", ""inspir""], 2]"
"[2900, [""womensmarch"", ""today"", ""women""], 2]"
"[2948, [""womensmarch"", ""histori"", ""eye""], 2]"
"[2995, [""womensmarch"", ""love"", ""photo""], 2]"
"[3014, [""womensmarch"", ""stopenslavingsaudiwomen""], 2]"
"[3018, [""womensmarch"", ""woman"", ""say""], 2]"
"[3051, [""womensmarch"", ""make"", ""year""], 2]"
"[3053, [""womensmarch"", ""provid""], 4]"
"[3073, [""womensmarch"", ""sign"", ""DC""], 4]"
"[3107, [""womensmarch"", ""women"", ""see""], 2]"
"[3131, [""womensmarch"", ""peopl"", ""trump""], 2]"
"[3195, [""womensmarch"", ""girl"", ""repres""], 2]"
"[3198, [""womensmarch"", ""get"", ""start""], 2]"
"[3207, [""womensmarch"", ""love"", ""movement""], 2]"
"[3240, [""womensmarch"", ""get"", ""girl""], 3]"
"[3242, [""womensmarch"", ""madonna"", ""wonder""], 2]"
"[3270, [""womensmarch"", ""today"", ""DC""], 3]"
"[3314, [""womensmarch"", ""women"", ""march""], 2]"
"[3320, [""womensmarch"", ""sign"", ""power""], 2]"
"[3322, [""womensmarch"", ""today"", ""day""], 2]"
"[3355, [""womensmarch"", ""today"", ""resist""], 2]"
"[3357, [""womensmarch"", ""peopl"", ""hate""], 2]"
"[3386, [""womensmarch"", ""go"", ""nation""], 2]"
"[3512, [""womensmarch"", ""today"", ""march""], 2]"
"[3587, [""womensmarch"", ""peopl"", ""proud""], 3]"
"[3646, [""womensmarch"", ""trump"", ""day""], 2]"
"[3663, [""womensmarch"", ""see"", ""amp""], 3]"
"[3799, [""womensmarch"", ""today"", ""march""], 2]"
"[3823, [""womensmarch"", ""today"", ""day""], 2]"
"[3840, [""womensmarch"", ""women"", ""right""], 3]"
"[4030, [""inspir"", ""daili""], 3]"
"[4036, [""womensmarch"", ""photo"", ""interest""], 2]"
"[4125, [""womensmarch"", ""women"", ""march""], 2]"
"[4146, [""womensmarch"", ""today"", ""day""], 2]"
"[4170, [""march"", ""peopl"", ""million""], 2]"
"[4280, [""womensmarch"", ""march"", ""washington""], 2]"
"[4418, [""womensmarch"", ""hope"", ""inspir""], 2]"
"[4720, [""womensmarch"", ""women"", ""go""], 2]"
"[4722, [""womensmarch"", ""women"", ""inaugur""], 2]"
"[4836, [""womensmarch"", ""give"", ""chill""], 3]"
"[4963, [""womensmarch"", ""way"", ""head""], 2]"
"[5081, [""womensmarch"", ""trump"", ""spicer""], 2]"
"[5231, [""womensmarch"", ""iheartaward"", ""bestfanarmi""], 2]"
"[5272, [""womensmarch"", ""theresist"", ""lovearmi""], 2]"
"[5458, [""womensmarch"", ""today"", ""march""], 3]"
"[5579, [""womensmarch"", ""peopl"", ""woman""], 2]"
"[6164, [""womensmarch"", ""women"", ""march""], 3]"
"[6287, [""womensmarch"", ""today"", ""crowd""], 2]"
"[6464, [""womensmarch"", ""organ"", ""sharia""], 2]"
"[6797, [""womensmarch"", ""womensmarchonwashington"", ""turn""], 2]"
